-- MySQL dump 10.13  Distrib 5.7.20, for Linux (x86_64)
--
-- Host: localhost    Database: Bank
-- ------------------------------------------------------
-- Server version	5.7.20-0ubuntu0.16.04.1

/*!40101 SET @OLD_CHARACTER_SET_CLIENT=@@CHARACTER_SET_CLIENT */;
/*!40101 SET @OLD_CHARACTER_SET_RESULTS=@@CHARACTER_SET_RESULTS */;
/*!40101 SET @OLD_COLLATION_CONNECTION=@@COLLATION_CONNECTION */;
/*!40101 SET NAMES utf8 */;
/*!40103 SET @OLD_TIME_ZONE=@@TIME_ZONE */;
/*!40103 SET TIME_ZONE='+00:00' */;
/*!40014 SET @OLD_UNIQUE_CHECKS=@@UNIQUE_CHECKS, UNIQUE_CHECKS=0 */;
/*!40014 SET @OLD_FOREIGN_KEY_CHECKS=@@FOREIGN_KEY_CHECKS, FOREIGN_KEY_CHECKS=0 */;
/*!40101 SET @OLD_SQL_MODE=@@SQL_MODE, SQL_MODE='NO_AUTO_VALUE_ON_ZERO' */;
/*!40111 SET @OLD_SQL_NOTES=@@SQL_NOTES, SQL_NOTES=0 */;

--
-- Table structure for table `ACCOUNT_TABLE`
--

DROP TABLE IF EXISTS `ACCOUNT_TABLE`;
/*!40101 SET @saved_cs_client     = @@character_set_client */;
/*!40101 SET character_set_client = utf8 */;
CREATE TABLE `ACCOUNT_TABLE` (
  `CUSTOMER_ID` int(12) NOT NULL,
  `CHECKING_ACCOUNT_NUM` int(12) DEFAULT NULL,
  `SAVING_ACCOUNT_NUM` int(12) DEFAULT NULL,
  `CHECKING_ACCOUNT_BAL` int(12) DEFAULT NULL,
  `SAVING_ACCOUNT_BAL` varchar(45) DEFAULT NULL,
  PRIMARY KEY (`CUSTOMER_ID`)
) ENGINE=InnoDB DEFAULT CHARSET=latin1;
/*!40101 SET character_set_client = @saved_cs_client */;

--
-- Dumping data for table `ACCOUNT_TABLE`
--

LOCK TABLES `ACCOUNT_TABLE` WRITE;
/*!40000 ALTER TABLE `ACCOUNT_TABLE` DISABLE KEYS */;
INSERT INTO `ACCOUNT_TABLE` VALUES (1111111112,100000001,111111222,261,'150.5'),(1111111113,100000002,111111122,348,'479'),(1111111114,100000003,111111112,800,'986'),(1276981930,521577637,1755005927,678,'566'),(1960466268,853662440,2109519712,470,'100.0'),(1999884910,757011855,113577239,250,'250');
/*!40000 ALTER TABLE `ACCOUNT_TABLE` ENABLE KEYS */;
UNLOCK TABLES;

--
-- Table structure for table `CUSTOMER_INFO_TABLE`
--

DROP TABLE IF EXISTS `CUSTOMER_INFO_TABLE`;
/*!40101 SET @saved_cs_client     = @@character_set_client */;
/*!40101 SET character_set_client = utf8 */;
CREATE TABLE `CUSTOMER_INFO_TABLE` (
  `CUSTOMER_ID` int(12) NOT NULL,
  `FIRST_NAME` varchar(45) DEFAULT NULL,
  `LAST_NAME` varchar(45) DEFAULT NULL,
  `DATE_OF_BIRTH` varchar(45) DEFAULT NULL,
  `EMAIL_ID` varchar(45) DEFAULT NULL,
  `PHONE_NUMBER` varchar(45) DEFAULT NULL,
  `APT_NUM` varchar(45) DEFAULT NULL,
  `STREET_NAME` varchar(45) DEFAULT NULL,
  `CITY` varchar(45) DEFAULT NULL,
  `STATE` varchar(45) DEFAULT NULL,
  `COUNTRY` varchar(45) DEFAULT NULL,
  `ZIPCODE` varchar(45) DEFAULT NULL,
  PRIMARY KEY (`CUSTOMER_ID`)
) ENGINE=InnoDB DEFAULT CHARSET=latin1;
/*!40101 SET character_set_client = @saved_cs_client */;

--
-- Dumping data for table `CUSTOMER_INFO_TABLE`
--

LOCK TABLES `CUSTOMER_INFO_TABLE` WRITE;
/*!40000 ALTER TABLE `CUSTOMER_INFO_TABLE` DISABLE KEYS */;
INSERT INTO `CUSTOMER_INFO_TABLE` VALUES (1111111112,'shiny','watson','09-09-1990','shinywatson@yahoo.com','94000000','756','Wendover Dr','Sanjose','CA','USA','28459'),(1111111113,'Usha','Veguru','03-12-1982','usha.veguru@gmail.com','90000000','322','Taylors St','Sanjose','CA','USA','98888'),(1111111114,'Gnanadeep','pallela','04-07-1995','pallela.gnanadeep@gmail.com','98989898','999','NorthFirst St','Sanjose','CA','USA','95674'),(1276981930,'Ryan','Matt','04/05/1975','matt.ryan@yahoo.com','4545454444','309','Collonade','Sanjose','CA','USA','97678'),(1960466268,'Bob','Lewis','08/10/1970','bob.lewis@hotmail.com','787878787','23','Paddington St','Salina','Kansas','USA','67565'),(1999884910,'Tom','Brady','12/03/1975','tom.brady@gmail.com','7777777777','345','4th St','Sanjose','CA','USA','96788');
/*!40000 ALTER TABLE `CUSTOMER_INFO_TABLE` ENABLE KEYS */;
UNLOCK TABLES;

--
-- Table structure for table `TELLER_INFO_TABLE`
--

DROP TABLE IF EXISTS `TELLER_INFO_TABLE`;
/*!40101 SET @saved_cs_client     = @@character_set_client */;
/*!40101 SET character_set_client = utf8 */;
CREATE TABLE `TELLER_INFO_TABLE` (
  `TELLER_ID` int(11) NOT NULL,
  `FIRST_NAME` varchar(45) DEFAULT NULL,
  `LAST_NAME` varchar(45) DEFAULT NULL,
  `DATE_OF_BIRTH` varchar(45) DEFAULT NULL,
  `EMAIL_ID` varchar(45) DEFAULT NULL,
  `PHONE_NUMBER` varchar(45) DEFAULT NULL,
  `APT_NUM` varchar(45) DEFAULT NULL,
  `STREET_NAME` varchar(45) DEFAULT NULL,
  `CITY` varchar(45) DEFAULT NULL,
  `STATE` varchar(45) DEFAULT NULL,
  `COUNTRY` varchar(45) DEFAULT NULL,
  `ZIPCODE` varchar(45) DEFAULT NULL,
  PRIMARY KEY (`TELLER_ID`)
) ENGINE=InnoDB DEFAULT CHARSET=latin1;
/*!40101 SET character_set_client = @saved_cs_client */;

--
-- Dumping data for table `TELLER_INFO_TABLE`
--

LOCK TABLES `TELLER_INFO_TABLE` WRITE;
/*!40000 ALTER TABLE `TELLER_INFO_TABLE` DISABLE KEYS */;
INSERT INTO `TELLER_INFO_TABLE` VALUES (2111111111,'spider','man','08-08-1900','spider.man@gmail.com','8080808080','AA 111','Auburn St','Sanjose','CA','USA','97891'),(2111111112,'Bat','man','09-09-1901','bat.man@gmail.com','9090909090','X 90','Westmall St','Sanjose','CA','USA','78782'),(2111111113,'Super','man','10-10-1902','super.man@gmail.com',NULL,NULL,NULL,NULL,NULL,NULL,NULL),(2111111114,'vip','lash','11-11-1903','vip.lash@gmail.com',NULL,NULL,NULL,NULL,NULL,NULL,NULL);
/*!40000 ALTER TABLE `TELLER_INFO_TABLE` ENABLE KEYS */;
UNLOCK TABLES;

--
-- Table structure for table `TRANSACTION_TABLE`
--

DROP TABLE IF EXISTS `TRANSACTION_TABLE`;
/*!40101 SET @saved_cs_client     = @@character_set_client */;
/*!40101 SET character_set_client = utf8 */;
CREATE TABLE `TRANSACTION_TABLE` (
  `CUSTOMER_ID` int(11) NOT NULL,
  `DATE` varchar(45) NOT NULL,
  `TIME` varchar(45) NOT NULL,
  `ACCOUNT_TYPE` varchar(45) DEFAULT NULL,
  `TRNS_TYPE` varchar(45) DEFAULT NULL,
  `AMOUNT` varchar(45) DEFAULT NULL,
  `FROM_ACCT` varchar(45) DEFAULT NULL,
  `TO_ACCT` varchar(45) DEFAULT NULL,
  PRIMARY KEY (`DATE`,`TIME`,`CUSTOMER_ID`)
) ENGINE=InnoDB DEFAULT CHARSET=latin1;
/*!40101 SET character_set_client = @saved_cs_client */;

--
-- Dumping data for table `TRANSACTION_TABLE`
--

LOCK TABLES `TRANSACTION_TABLE` WRITE;
/*!40000 ALTER TABLE `TRANSACTION_TABLE` DISABLE KEYS */;
INSERT INTO `TRANSACTION_TABLE` VALUES (1111111114,'1/01/2017','6.45','CHECKING ','DEPOSIT','200',NULL,NULL),(1111111114,'1/04/2017','2.00','SAVING','TRANSFER','100','111111112','234523453'),(1960466268,'19/11/2017','14:59:15','CHECKING','TRANSFER)','100.0','853662440','555555555'),(1960466268,'19/11/2017','16:16:45','SAVING','TRANSFER)','50.0','2109519712','89838989'),(1960466268,'19/11/2017','16:17:22','SAVING','TRANSFER)','100.0','2109519712','232783724'),(1960466268,'19/11/2017','16:32:09','CHECKING','TRANSFER)','100.0','853662440','78874834'),(1960466268,'19/11/2017','16:32:30','SAVING','TRANSFER)','50.0','2109519712','50'),(1960466268,'2/19/2017','7.00','CHECKING','DEPOSIT','1000',NULL,NULL),(1999884910,'5/03/2017','5.45','CHECKING','TRANSFER','230','757011855','239000000'),(1276981930,'5/14/2017','7.08','CHECKING','TRANSFER','90','521577637','455555777'),(1276981930,'8/04/2017','1.30','SAVING','WITHDRAW','300',NULL,'239000000');
/*!40000 ALTER TABLE `TRANSACTION_TABLE` ENABLE KEYS */;
UNLOCK TABLES;

--
-- Table structure for table `customer_login`
--

DROP TABLE IF EXISTS `customer_login`;
/*!40101 SET @saved_cs_client     = @@character_set_client */;
/*!40101 SET character_set_client = utf8 */;
CREATE TABLE `customer_login` (
  `USERNAME` varchar(45) DEFAULT NULL,
  `PASSWORD` varchar(45) DEFAULT NULL,
  `CUSTOMER_ID` int(12) NOT NULL,
  `CLIENT_TYPE` varchar(45) DEFAULT NULL,
  PRIMARY KEY (`CUSTOMER_ID`)
) ENGINE=InnoDB DEFAULT CHARSET=latin1;
/*!40101 SET character_set_client = @saved_cs_client */;

--
-- Dumping data for table `customer_login`
--

LOCK TABLES `customer_login` WRITE;
/*!40000 ALTER TABLE `customer_login` DISABLE KEYS */;
INSERT INTO `customer_login` VALUES ('Kevin','9d5e3ecdeb4cdb7acfd63075ae046672',1000000000,'Admin'),('Ryan','10c7ccc7a4f0aff03c915c485565b9da',1276981930,'Customer'),('Teller1','8f2ffd75dd4cd9e86ed995b7728a75e2',1691132179,'Teller'),('Bob','9f9d51bc70ef21ca5c14f307980a29d8',1960466268,'Customer'),('Tom','34b7da764b21d298ef307d04d8152dc5',1999884910,'Customer'),('Batman','nighttroll',2111111112,'Customer'),('Teller2','2c5999f61fa9931a6136abb5551b9ecf',2111111114,'Teller'),('Teller3','c537f7949afbd075284c45a97911e20a',2111111115,'Teller');
/*!40000 ALTER TABLE `customer_login` ENABLE KEYS */;
UNLOCK TABLES;
/*!40103 SET TIME_ZONE=@OLD_TIME_ZONE */;

/*!40101 SET SQL_MODE=@OLD_SQL_MODE */;
/*!40014 SET FOREIGN_KEY_CHECKS=@OLD_FOREIGN_KEY_CHECKS */;
/*!40014 SET UNIQUE_CHECKS=@OLD_UNIQUE_CHECKS */;
/*!40101 SET CHARACTER_SET_CLIENT=@OLD_CHARACTER_SET_CLIENT */;
/*!40101 SET CHARACTER_SET_RESULTS=@OLD_CHARACTER_SET_RESULTS */;
/*!40101 SET COLLATION_CONNECTION=@OLD_COLLATION_CONNECTION */;
/*!40111 SET SQL_NOTES=@OLD_SQL_NOTES */;

-- Dump completed on 2017-11-19 17:33:30
